{
  "fullstack_monorepo": {
    "weights": {
      "w_recency": 0.3,
      "w_frequency": 0.25,
      "w_semantic": 0.25,
      "w_entropy": 0.2,
      "w_resonance": 0.1,
      "decay_half_life": 20.0,
      "min_relevance": 0.04,
      "exploration_rate": 0.08
    },
    "sample_count": 0,
    "confidence": 0.5,
    "created_at": 1779255720.9373088,
    "fingerprint": {
      "lang_python": 0.0,
      "lang_rust": 0.23434704830053668,
      "lang_js_ts": 0.5652951699463328,
      "lang_other": 0.2003577817531306,
      "avg_file_size": 0.681845093419272,
      "func_density": 0.326476576014204,
      "class_ratio": 0.15254237288135594,
      "import_density": 0.4043486239064214,
      "test_ratio": 0.3023255813953488,
      "module_count": 0.6319981814824864,
      "ffi_ratio": 0.0,
      "entropy_mean": 0.42771793567576677,
      "entropy_var": 0.022226886272589032
    }
  }
}